{"cameraMode":{"drawMode":0,"name":"Shaded","section":"Shading Mode"},"sceneLighting":true,"audioPlay":false,"sceneViewState":{"m_AlwaysRefresh":false,"showFog":true,"showSkybox":true,"showFlares":true,"showImageEffects":true,"showParticleSystems":true,"showVisualEffectGraphs":true,"m_FxEnabled":true},"in2DMode":false,"pivot":{"x":1.0845277309417725,"y":6.508305549621582,"z":-0.2398204803466797},"rotation":{"x":-0.017960524186491967,"y":-0.06504591554403305,"z":-0.0011738584144040943,"w":0.9977268576622009},"size":5.885517597198486,"orthographic":false}